Student ID,Sem1 GPA,Sem2 GPA,Sem3 GPA,Sem4 GPA,Sem5 GPA,Sem6 GPA,Sem7 GPA,Sem8 GPA
STUD0000,6.27,6.7,6.91,7.23,7.21,7.43,7.64,7.8
STUD0001,6.55,6.94,7.09,7.5,7.53,7.67,8.32,8.28
STUD0002,6.38,6.27,6.45,6.56,6.77,7.21,7.33,7.4
STUD0003,6.6,6.66,7.15,7.06,7.49,7.38,7.69,8.13
STUD0004,7.96,8.27,8.2,8.33,8.9,8.91,9.01,9.29
STUD0005,6.91,7.01,7.18,7.59,7.87,8.07,8.02,8.31
STUD0006,7.43,8.04,8.06,8.24,8.69,8.59,9.07,9.2
STUD0007,6.73,6.8,7.16,7.55,7.53,7.99,7.57,8.3
STUD0008,5.35,5.93,6.13,6.21,6.34,6.41,6.73,7.18
STUD0009,5.57,5.83,6.26,6.38,6.47,6.84,6.99,7.34
STUD0010,7.47,7.83,7.91,8.11,8.57,8.55,8.41,9.07
STUD0011,6.0,6.15,6.46,6.76,7.2,7.15,7.38,7.54
STUD0012,7.9,7.87,8.17,8.4,8.78,8.91,9.09,9.41
STUD0013,6.17,6.46,6.62,6.66,7.23,7.38,7.6,7.56
STUD0014,6.63,6.84,6.72,7.07,7.2,7.63,7.96,8.05
STUD0015,5.31,5.77,5.81,6.26,6.26,6.85,6.71,6.99
STUD0016,7.76,8.11,8.4,8.53,8.87,9.26,9.05,9.28
STUD0017,7.78,8.07,7.99,8.19,8.68,8.86,9.07,9.3
STUD0018,7.14,7.45,7.56,7.57,8.12,8.38,8.5,8.46
STUD0019,6.27,6.18,6.67,6.8,7.07,7.45,7.34,7.48
STUD0020,6.29,6.34,6.77,6.89,7.43,7.25,7.24,7.66
STUD0021,7.15,7.59,7.7,8.06,8.23,8.37,8.46,8.58
STUD0022,7.49,7.77,8.16,8.28,8.58,8.96,8.95,9.01
STUD0023,7.98,8.02,8.46,8.7,8.99,9.2,9.05,9.33
STUD0024,7.57,7.78,7.96,8.3,8.6,8.6,9.01,9.17
STUD0025,7.44,7.82,7.8,8.1,8.27,8.57,9.12,8.71
STUD0026,6.15,6.44,6.51,6.81,7.31,7.31,7.58,7.53
STUD0027,5.72,5.83,6.46,6.45,6.27,6.81,6.9,7.34
STUD0028,6.48,7.06,6.98,7.19,7.5,7.43,8.02,8.29
STUD0029,6.52,6.57,6.4,6.77,7.25,7.17,7.55,7.82
STUD0030,6.68,6.76,6.92,7.31,7.24,7.56,8.2,8.38
STUD0031,5.83,5.61,6.22,6.26,6.32,6.75,6.93,7.02
STUD0032,5.66,5.8,5.71,6.4,6.33,6.95,6.96,7.08
STUD0033,6.51,6.59,6.86,7.03,7.23,7.66,7.8,7.86
STUD0034,7.13,7.37,7.41,7.85,8.01,8.04,8.09,8.39
STUD0035,7.52,7.62,7.84,8.25,8.42,8.63,8.92,8.94
STUD0036,6.26,6.64,6.69,6.85,7.44,7.53,7.32,7.73
STUD0037,6.5,6.65,6.84,7.06,7.18,7.26,7.62,7.72
STUD0038,6.56,6.94,7.12,7.45,7.4,7.71,7.97,8.23
STUD0039,5.49,5.71,6.02,6.31,6.61,7.0,7.12,7.18
STUD0040,5.73,5.99,6.1,6.41,6.83,6.97,7.14,7.29
STUD0041,6.54,6.59,6.9,7.08,7.31,7.39,7.73,8.01
STUD0042,7.01,7.57,7.68,7.99,7.91,8.29,8.14,8.69
STUD0043,5.65,6.11,6.29,6.64,6.88,7.32,7.4,7.38
STUD0044,7.32,7.65,7.75,7.83,8.06,8.24,8.54,8.55
STUD0045,6.44,6.85,6.64,7.01,7.31,7.53,7.67,8.05
STUD0046,6.42,6.92,7.21,7.5,7.36,7.65,7.95,8.43
STUD0047,7.61,7.66,8.17,8.34,8.25,8.65,8.81,9.14
STUD0048,7.2,7.42,7.43,8.12,8.25,8.31,8.58,8.43
STUD0049,7.7,7.47,7.63,8.09,8.37,8.53,8.43,8.95
STUD0050,7.07,7.29,7.35,7.8,8.05,8.11,8.68,8.54
STUD0051,5.85,6.03,6.34,6.42,6.7,6.82,7.51,7.44
STUD0052,5.68,5.99,6.15,6.15,6.34,6.76,6.8,6.91
STUD0053,6.48,7.13,7.39,7.32,7.65,7.83,8.46,8.38
STUD0054,6.0,5.61,6.07,6.28,6.6,6.83,6.89,7.17
STUD0055,6.57,6.67,6.75,7.18,7.19,7.26,7.83,7.9
STUD0056,6.52,6.69,7.22,7.03,7.15,7.79,7.87,8.1
STUD0057,6.0,6.23,6.43,6.61,6.96,7.04,7.42,7.59
STUD0058,5.84,5.98,6.24,6.46,6.53,6.77,7.15,7.31
STUD0059,6.64,7.19,7.22,7.62,7.63,7.69,7.93,8.4
STUD0060,5.56,6.12,6.04,6.47,7.06,6.62,7.05,7.23
STUD0061,5.99,5.96,6.39,6.31,6.77,7.12,6.75,7.22
STUD0062,6.4,6.6,6.87,7.25,7.21,7.46,7.57,7.96
STUD0063,5.97,6.06,6.38,6.86,6.9,6.93,7.38,7.35
STUD0064,6.5,6.48,7.18,7.11,7.22,7.67,7.85,8.22
STUD0065,6.89,7.19,7.07,7.67,7.77,7.87,8.24,8.7
STUD0066,7.66,8.01,8.0,8.26,8.82,8.87,8.97,9.36
STUD0067,7.51,7.62,7.92,8.25,8.52,8.49,8.97,9.26
STUD0068,6.99,7.49,7.5,7.8,8.12,8.43,8.39,8.39
STUD0069,7.91,7.91,8.66,8.53,8.74,9.05,9.23,9.4
STUD0070,7.31,7.31,7.5,8.19,8.15,8.35,8.54,8.89
STUD0071,5.79,6.16,5.96,6.66,6.62,6.79,6.92,7.03
STUD0072,6.81,7.15,7.46,7.36,7.48,7.88,7.96,8.32
STUD0073,5.54,6.15,6.33,6.69,7.08,7.18,7.19,7.27
STUD0074,5.71,5.95,6.04,6.38,6.45,6.89,6.98,7.24
STUD0075,5.97,6.11,6.3,6.64,6.8,7.27,6.86,7.64
STUD0076,6.33,6.75,6.97,7.11,7.34,7.65,7.91,7.8
STUD0077,6.66,6.93,7.06,7.0,7.3,7.67,7.62,8.13
STUD0078,5.87,5.82,6.21,6.43,6.85,6.67,6.94,7.11
STUD0079,7.79,7.77,8.31,8.36,8.52,8.97,8.92,9.03
STUD0080,7.09,6.98,7.59,7.29,7.57,7.97,8.41,8.47
STUD0081,7.45,7.71,7.97,7.89,8.15,8.68,8.81,8.97
STUD0082,7.77,8.19,8.15,8.69,9.12,9.14,9.18,9.54
STUD0083,5.57,5.89,6.21,6.32,6.11,6.41,6.72,7.03
STUD0084,5.86,6.16,6.13,6.65,6.54,6.87,7.4,7.28
STUD0085,6.1,6.85,6.75,6.91,6.97,7.42,7.44,7.76
STUD0086,6.49,7.1,7.12,7.42,7.63,7.76,8.32,8.23
STUD0087,6.69,6.72,7.11,7.38,7.54,7.42,7.76,8.05
STUD0088,7.6,7.97,8.38,8.45,8.77,8.96,9.27,9.45
STUD0089,7.61,7.59,8.12,8.3,8.52,8.5,8.75,9.28
STUD0090,7.98,8.01,8.17,8.59,8.46,8.96,8.94,9.5
STUD0091,7.28,7.46,7.96,7.98,8.32,8.16,8.64,8.95
STUD0092,6.19,6.3,6.69,6.62,6.86,6.78,7.51,7.63
STUD0093,7.89,8.39,8.63,8.52,8.75,8.99,9.04,9.32
STUD0094,5.95,6.27,6.51,6.99,7.07,7.19,7.87,7.64
STUD0095,5.94,6.21,6.39,6.93,6.68,6.91,7.11,7.33
STUD0096,7.37,7.64,7.82,7.92,8.43,8.68,8.79,8.89
STUD0097,6.09,6.05,6.72,6.97,6.83,7.07,7.39,7.61
STUD0098,7.01,7.37,7.3,7.59,8.13,8.07,8.3,8.64
STUD0099,5.97,6.3,6.48,6.87,7.29,7.04,7.26,7.71
STUD0100,6.95,7.48,7.66,7.88,8.19,8.33,8.54,8.8
STUD0101,7.75,7.98,8.23,8.33,8.42,8.69,9.06,8.97
STUD0102,5.96,6.18,6.3,6.55,6.88,6.75,7.19,7.42
STUD0103,6.25,6.69,6.53,6.83,7.04,7.46,7.42,7.69
STUD0104,7.11,7.36,7.48,7.66,7.88,8.18,8.1,8.73
STUD0105,6.97,7.32,7.72,7.69,7.83,8.41,8.12,8.22
STUD0106,6.01,6.27,6.51,6.75,6.73,6.81,7.18,7.5
STUD0107,6.87,7.21,7.52,7.78,7.92,8.22,8.19,8.81
STUD0108,7.74,7.87,8.13,8.27,8.62,8.84,9.02,9.25
STUD0109,7.1,7.39,7.48,7.92,7.82,8.41,8.35,8.35
STUD0110,5.42,5.96,5.99,6.45,6.48,6.73,6.92,7.06
STUD0111,6.46,7.03,7.25,7.41,7.41,7.76,7.99,8.03
STUD0112,7.12,7.53,7.34,7.69,7.86,8.1,8.3,8.44
STUD0113,6.1,6.14,6.17,6.56,6.9,7.04,7.13,7.23
STUD0114,7.33,7.59,7.61,8.08,8.15,8.49,8.53,8.97
STUD0115,7.37,7.35,7.44,7.68,7.92,8.24,8.47,8.52
STUD0116,7.59,7.35,7.44,7.9,7.83,8.3,8.36,8.68
STUD0117,5.54,5.54,6.07,6.32,6.36,6.88,6.68,6.86
STUD0118,7.73,8.48,8.38,8.88,8.58,8.95,9.37,9.5
STUD0119,6.25,6.45,6.36,6.73,6.96,7.14,7.23,7.43
STUD0120,7.98,8.1,8.11,8.56,8.76,9.16,8.88,9.46
STUD0121,6.93,7.03,7.22,7.8,7.77,8.11,8.26,8.55
STUD0122,5.78,6.34,6.48,6.92,7.04,6.95,7.25,7.67
STUD0123,5.87,6.44,6.4,6.63,6.93,7.03,7.17,7.39
STUD0124,6.18,6.29,6.58,6.66,7.0,7.31,7.37,7.68
STUD0125,6.01,6.14,6.45,6.08,7.04,6.92,7.32,7.21
STUD0126,6.05,6.12,6.59,6.62,6.94,6.94,7.29,7.81
STUD0127,7.07,7.42,7.64,7.87,8.0,7.94,8.58,8.37
STUD0128,5.92,5.94,6.25,6.62,6.71,6.89,6.8,7.13
STUD0129,7.26,7.49,7.55,8.02,8.0,8.26,8.43,8.67
STUD0130,6.12,6.28,6.61,7.19,6.94,7.34,7.4,7.72
STUD0131,5.93,6.05,6.01,6.66,6.69,6.71,6.59,7.53
STUD0132,5.39,5.55,6.21,5.93,6.77,6.74,6.95,7.15
STUD0133,7.41,7.55,7.74,7.93,8.04,8.32,8.33,8.78
STUD0134,6.36,6.33,6.35,6.91,7.3,7.4,7.41,7.47
STUD0135,5.89,5.87,6.25,6.25,6.57,6.92,6.85,7.37
STUD0136,8.12,8.11,8.25,8.56,8.84,9.0,9.37,9.46
STUD0137,7.61,7.83,7.93,8.62,8.38,8.68,8.89,9.34
STUD0138,7.83,7.65,8.02,8.08,8.75,8.44,8.92,8.95
STUD0139,7.63,7.85,8.09,8.28,8.66,9.06,8.86,8.95
STUD0140,7.03,7.2,7.48,7.51,7.63,7.77,8.42,8.65
STUD0141,8.06,8.44,8.35,8.59,8.75,8.9,9.17,9.29
STUD0142,5.56,5.89,6.01,6.42,6.69,6.76,7.03,7.49
STUD0143,6.49,6.34,6.99,7.02,7.06,7.37,7.68,7.82
STUD0144,5.79,6.25,6.23,6.59,7.03,6.96,7.42,7.26
STUD0145,7.32,7.66,8.1,8.15,8.69,8.62,8.8,8.94
STUD0146,5.89,6.12,6.09,6.33,6.57,6.85,7.12,7.43
STUD0147,6.1,6.16,6.75,7.28,7.12,7.46,7.56,7.75
STUD0148,6.54,6.76,6.8,7.06,7.13,7.47,7.58,8.15
STUD0149,8.1,8.22,8.36,8.7,9.0,9.09,9.23,9.24
STUD0150,6.44,6.56,7.0,7.15,7.08,7.47,7.35,8.04
STUD0151,5.58,6.07,6.42,6.59,6.59,7.06,7.07,7.21
STUD0152,7.87,8.11,8.33,8.5,8.86,8.94,9.25,9.35
STUD0153,8.06,8.38,8.56,8.41,8.47,9.2,9.07,9.46
STUD0154,6.6,6.59,6.98,7.18,7.27,7.46,7.65,7.92
STUD0155,6.07,6.42,6.36,6.82,7.0,7.31,7.45,7.5
STUD0156,6.46,6.84,7.24,7.15,7.15,7.64,7.79,7.79
STUD0157,7.36,7.83,7.8,8.38,8.42,8.46,9.07,8.87
STUD0158,7.19,7.48,7.48,7.82,7.83,8.23,8.45,8.91
STUD0159,7.15,7.44,7.43,7.7,8.24,8.17,8.33,8.78
STUD0160,5.98,6.04,6.25,6.71,6.88,7.2,7.03,7.36
STUD0161,6.0,6.1,6.3,6.77,6.56,7.01,7.1,7.34
STUD0162,7.07,7.26,7.26,7.65,7.9,8.0,8.15,8.26
STUD0163,6.89,6.63,6.98,7.18,7.48,7.77,7.99,7.99
STUD0164,7.78,7.75,8.26,8.28,8.64,8.84,8.78,9.23
STUD0165,6.92,6.98,7.21,7.59,7.91,7.94,8.19,8.62
STUD0166,6.69,7.2,7.68,7.71,7.88,8.18,8.17,8.55
STUD0167,6.62,6.74,7.0,7.39,7.76,7.78,7.76,8.22
STUD0168,6.43,6.82,6.6,6.87,7.18,7.34,7.55,7.57
STUD0169,7.34,7.66,7.52,7.68,7.93,8.57,8.51,9.19
STUD0170,7.12,7.22,7.81,8.03,8.21,8.32,8.3,8.73
STUD0171,7.44,7.78,7.97,8.14,8.52,8.78,8.86,9.28
STUD0172,6.54,6.68,6.9,7.22,7.53,7.47,7.91,8.19
STUD0173,6.74,6.85,6.95,7.05,7.35,7.79,8.12,8.28
STUD0174,5.75,6.0,6.31,6.72,6.53,7.06,7.4,7.43
STUD0175,7.68,7.74,7.86,7.82,8.46,8.94,9.14,9.04
STUD0176,7.47,7.46,7.9,7.97,8.32,8.5,8.55,8.78
STUD0177,6.08,6.39,6.68,6.64,7.2,7.15,7.4,7.51
STUD0178,5.6,5.63,5.75,6.07,6.48,6.67,6.98,7.1
STUD0179,5.4,5.77,6.18,6.09,6.53,6.5,6.99,7.13
STUD0180,6.9,7.19,7.39,7.58,7.97,8.03,8.46,8.92
STUD0181,5.85,6.11,6.24,6.37,6.52,6.87,6.91,6.85
STUD0182,5.85,6.43,6.61,6.4,6.66,7.0,7.41,7.42
STUD0183,6.55,6.74,7.0,7.15,7.52,7.96,7.98,8.11
STUD0184,7.64,7.99,8.18,8.34,8.55,8.66,9.0,9.33
STUD0185,6.79,6.85,7.11,7.56,7.62,7.6,8.17,8.14
STUD0186,7.12,7.24,7.49,7.56,7.62,8.03,8.38,8.54
STUD0187,6.24,6.45,6.58,7.0,7.46,7.2,7.58,8.0
STUD0188,7.96,8.13,8.52,8.78,8.6,8.95,9.21,9.38
STUD0189,6.91,7.08,7.28,7.41,7.73,7.85,8.13,8.52
STUD0190,7.23,7.2,7.68,8.11,8.12,8.01,8.49,8.92
STUD0191,6.06,6.23,6.33,6.52,6.73,6.87,7.46,7.39
STUD0192,6.9,7.53,7.54,7.95,7.99,8.22,8.47,8.51
STUD0193,6.24,6.56,6.78,6.92,7.26,7.31,7.73,7.61
STUD0194,6.94,7.47,7.82,7.68,8.2,8.41,8.34,8.86
STUD0195,7.87,8.27,8.18,8.26,8.79,8.82,8.73,9.4
STUD0196,7.91,8.01,8.34,8.65,8.73,9.13,9.26,9.49
STUD0197,7.37,7.89,7.86,8.28,8.42,8.86,8.76,8.96
STUD0198,5.25,5.7,5.72,6.29,6.55,6.47,6.88,7.17
STUD0199,6.97,7.17,7.42,7.8,7.7,8.09,8.42,8.56
STUD0200,7.8,8.31,7.85,8.24,8.78,8.72,9.12,9.23
STUD0201,6.85,7.02,7.28,7.36,7.48,7.44,7.86,7.98
STUD0202,6.78,6.95,7.37,7.45,7.92,7.81,7.99,8.19
STUD0203,6.31,6.61,6.77,6.94,7.05,7.46,7.46,8.02
STUD0204,5.99,6.23,6.61,6.57,6.95,7.5,7.36,7.49
STUD0205,6.52,6.59,6.87,7.02,7.51,7.57,8.06,7.98
STUD0206,7.92,8.1,8.2,8.35,8.96,9.03,9.38,9.71
STUD0207,6.2,6.51,6.94,7.05,7.09,7.21,7.24,7.67
STUD0208,6.03,5.94,6.31,6.42,6.84,7.05,7.26,7.04
STUD0209,5.63,5.77,6.1,6.21,6.29,6.65,6.64,7.04
STUD0210,5.27,5.65,6.36,6.1,6.09,6.71,6.94,7.22
STUD0211,7.52,8.09,7.86,8.39,8.62,8.58,9.11,9.08
STUD0212,7.28,7.67,7.71,8.37,8.65,8.74,8.69,9.28
STUD0213,5.75,6.1,6.3,6.68,6.97,7.2,7.12,7.39
STUD0214,6.69,6.56,6.71,7.36,7.66,7.53,7.8,7.85
STUD0215,5.65,5.78,5.93,6.2,6.41,6.58,6.82,7.31
STUD0216,6.21,6.47,6.69,7.0,6.85,7.07,7.59,7.42
STUD0217,6.15,6.43,6.41,6.6,6.47,6.88,7.05,7.29
STUD0218,5.45,5.73,6.08,6.36,6.65,6.44,6.9,6.98
STUD0219,6.69,7.24,7.66,8.0,7.74,8.21,8.28,8.55
STUD0220,6.46,6.94,7.16,7.6,7.49,7.8,7.87,8.32
STUD0221,7.75,7.9,8.29,8.33,8.28,8.95,8.84,9.09
STUD0222,7.44,7.26,8.24,8.01,8.44,8.43,8.75,9.13
STUD0223,7.86,8.08,8.29,8.7,8.84,8.52,9.27,9.42
STUD0224,5.84,5.73,6.12,6.36,6.34,6.51,7.01,6.97
STUD0225,6.34,6.49,6.73,6.92,6.96,7.33,7.6,7.81
STUD0226,7.23,7.43,7.46,7.82,7.88,8.21,8.19,8.4
STUD0227,5.55,5.83,5.81,6.34,6.52,6.61,7.05,7.31
STUD0228,5.6,5.73,5.9,6.15,6.61,6.6,6.89,7.23
STUD0229,7.73,7.68,8.29,8.22,8.63,8.88,9.26,9.07
STUD0230,5.81,6.17,6.56,6.26,6.57,6.91,6.93,7.42
STUD0231,7.36,7.57,7.87,8.34,8.2,8.28,8.57,8.52
STUD0232,6.26,6.28,6.55,6.86,7.21,7.13,7.37,7.88
STUD0233,5.55,5.85,6.11,6.53,6.65,6.86,7.17,7.23
STUD0234,6.43,6.95,7.11,6.89,7.38,7.39,7.76,7.95
STUD0235,7.42,7.65,7.74,8.0,8.35,8.65,8.67,8.84
STUD0236,7.47,8.11,8.1,8.5,8.54,8.75,9.36,9.34
STUD0237,7.72,7.67,8.21,8.26,8.58,8.54,8.68,9.25
STUD0238,6.03,6.18,6.43,6.28,6.93,6.8,7.16,7.32
STUD0239,6.14,6.41,6.65,6.71,7.19,7.21,7.47,7.57
STUD0240,6.85,6.58,7.15,7.38,7.67,7.8,8.32,8.26
STUD0241,6.39,6.6,6.77,6.93,7.24,7.44,7.51,7.69
STUD0242,5.69,5.65,5.65,6.23,6.55,6.41,6.93,7.15
STUD0243,6.4,6.74,7.06,7.04,7.48,7.97,7.93,8.18
STUD0244,7.88,8.02,8.24,8.46,8.81,8.83,9.25,9.62
STUD0245,5.94,6.25,6.53,6.36,6.6,6.75,7.12,7.44
STUD0246,6.72,6.98,6.94,7.29,7.54,7.83,7.96,7.93
STUD0247,7.17,7.36,7.6,8.05,7.72,8.5,8.27,8.66
STUD0248,5.69,5.89,6.06,6.32,6.42,6.45,6.8,7.15
STUD0249,7.12,7.27,7.39,7.77,8.18,8.1,8.45,8.36
STUD0250,7.2,7.2,7.59,8.04,8.12,8.21,8.55,8.48
STUD0251,6.19,6.2,6.41,6.74,6.85,7.12,7.66,7.52
STUD0252,5.68,5.78,6.02,6.2,6.69,6.89,7.1,7.38
STUD0253,6.29,6.73,6.53,7.17,7.07,7.57,7.68,7.75
STUD0254,6.08,6.24,6.25,6.99,6.99,7.52,7.22,7.7
STUD0255,6.35,6.74,6.79,7.25,7.02,7.45,7.48,7.94
STUD0256,6.27,6.61,6.76,7.08,7.38,7.35,7.54,7.97
STUD0257,7.34,7.63,7.4,7.92,8.02,8.29,8.57,8.66
STUD0258,5.6,5.33,5.82,5.99,6.2,6.46,6.97,7.12
STUD0259,7.36,7.73,8.23,8.12,8.41,8.76,9.02,9.08
STUD0260,7.74,7.47,7.86,8.19,8.64,8.65,8.87,8.93
STUD0261,7.06,6.95,7.55,7.45,7.76,8.07,8.54,8.93
STUD0262,6.59,6.79,6.97,7.05,7.44,7.63,7.65,8.02
STUD0263,7.43,7.57,8.01,8.28,8.44,8.84,8.8,9.12
STUD0264,6.52,6.59,6.77,7.31,7.3,7.59,7.85,7.8
STUD0265,7.62,7.76,7.97,8.09,8.5,8.68,8.9,8.96
STUD0266,6.73,7.05,7.14,7.37,7.8,8.07,8.07,8.5
STUD0267,7.24,7.32,7.44,7.73,7.65,8.19,8.19,8.36
STUD0268,7.24,7.14,7.38,7.67,7.8,8.26,8.61,8.45
STUD0269,6.31,6.46,6.78,7.05,7.36,7.62,7.56,7.63
STUD0270,7.33,7.51,7.73,7.77,8.04,8.46,8.89,8.79
STUD0271,6.98,7.34,7.47,7.81,8.11,8.12,8.41,8.61
STUD0272,7.16,7.42,7.56,7.81,8.03,8.09,8.65,8.83
STUD0273,6.29,6.21,6.72,7.04,6.86,7.1,7.61,7.71
STUD0274,7.83,8.12,8.55,8.62,8.59,9.19,9.16,9.33
STUD0275,6.22,6.34,6.73,6.73,7.07,7.05,7.41,7.61
STUD0276,5.78,5.97,5.92,6.31,6.84,6.73,7.02,7.22
STUD0277,6.84,7.35,7.39,7.72,7.93,8.07,8.2,8.43
STUD0278,6.43,6.35,6.85,6.97,7.1,7.32,7.25,7.71
STUD0279,7.17,7.39,7.36,7.69,8.0,8.08,8.49,8.9
STUD0280,6.29,6.35,6.77,6.91,7.35,7.13,7.58,7.52
STUD0281,6.87,6.67,6.92,7.34,7.37,7.63,7.86,7.78
STUD0282,5.76,5.85,6.11,6.23,6.76,6.56,6.82,7.07
STUD0283,6.02,6.17,6.42,6.69,6.71,6.88,7.02,7.28
STUD0284,6.47,7.08,7.37,7.36,7.54,8.01,7.9,8.08
STUD0285,6.73,6.85,7.22,7.85,7.68,7.79,8.19,8.34
STUD0286,7.59,8.1,7.91,8.34,8.36,8.8,8.78,9.26
STUD0287,5.94,6.15,6.04,6.44,6.54,6.68,7.05,7.25
STUD0288,6.59,7.1,7.2,7.35,7.54,7.76,8.1,8.36
STUD0289,6.65,6.82,7.6,7.59,7.62,8.04,7.78,8.39
STUD0290,7.76,8.22,8.14,8.18,8.48,8.63,9.03,9.06
STUD0291,6.14,6.19,6.45,6.44,6.83,7.08,7.69,7.35
STUD0292,6.91,7.41,7.69,7.73,7.98,8.19,8.04,8.54
STUD0293,7.28,7.66,7.79,8.11,8.52,8.48,8.76,8.99
STUD0294,5.63,6.02,6.17,6.32,6.55,6.65,6.92,7.07
STUD0295,7.23,7.82,7.84,7.97,8.27,8.55,8.7,8.68
STUD0296,7.5,7.67,7.7,8.27,8.2,8.61,8.8,8.87
STUD0297,7.39,7.81,7.87,7.89,8.45,8.56,8.6,8.81
STUD0298,7.78,7.97,8.24,8.59,8.7,8.84,9.29,9.39
STUD0299,6.16,6.07,6.19,6.44,6.58,6.84,7.12,7.18
STUD0300,7.56,7.99,8.23,8.34,8.8,8.78,9.22,9.36
STUD0301,6.02,6.53,6.63,6.91,6.86,7.12,7.56,7.54
STUD0302,5.82,6.35,6.63,6.77,7.01,7.23,7.19,7.76
STUD0303,6.63,6.56,7.02,7.18,7.54,7.61,7.82,8.19
STUD0304,7.68,8.06,8.07,8.41,8.78,8.7,9.09,9.3
STUD0305,7.84,8.17,8.42,8.62,8.9,9.28,9.44,9.3
STUD0306,6.28,6.39,6.67,7.03,7.08,7.2,7.61,7.84
STUD0307,7.92,8.43,8.28,8.85,8.91,8.84,9.32,9.16
STUD0308,6.2,6.33,6.56,6.91,6.88,7.0,7.49,7.7
STUD0309,6.73,6.65,7.01,7.28,7.18,7.43,7.9,8.19
STUD0310,5.89,6.44,6.52,6.66,6.88,7.22,7.36,7.52
STUD0311,7.51,7.81,7.56,8.11,8.4,8.41,8.85,8.98
STUD0312,6.7,7.34,7.27,7.58,7.95,8.07,8.29,8.58
STUD0313,6.12,6.12,6.59,6.58,6.92,7.22,7.31,7.6
STUD0314,7.59,7.76,8.1,8.31,8.38,8.66,8.81,9.01
STUD0315,6.6,6.84,7.06,7.28,7.52,7.82,8.09,8.08
STUD0316,6.16,6.42,6.69,6.87,7.38,7.22,7.54,7.87
STUD0317,6.35,6.44,6.87,6.73,7.16,7.47,7.67,8.26
STUD0318,5.65,6.19,6.16,6.5,6.43,6.87,6.97,7.01
STUD0319,7.59,7.65,7.81,8.01,8.23,8.09,8.56,8.94
STUD0320,6.24,6.19,5.92,6.41,6.78,7.21,7.23,7.65
STUD0321,6.56,6.49,6.71,6.92,7.46,7.64,7.94,7.8
STUD0322,5.76,6.42,6.37,6.78,6.74,7.19,7.22,7.47
STUD0323,5.87,6.3,6.22,6.63,7.0,6.95,7.14,7.42
STUD0324,6.95,7.18,7.4,7.39,7.65,7.86,8.12,8.47
STUD0325,6.24,6.56,6.49,6.87,6.7,7.14,7.44,7.52
STUD0326,7.7,7.91,8.22,8.58,8.9,8.84,9.08,9.12
STUD0327,6.5,7.0,6.95,7.28,7.45,7.33,7.98,8.11
STUD0328,6.68,6.99,7.21,7.34,7.81,7.81,7.83,8.23
STUD0329,5.54,5.89,5.83,6.38,6.42,6.53,6.84,7.31
STUD0330,7.43,7.52,7.92,7.85,8.35,8.47,8.57,8.85
STUD0331,5.56,5.96,5.87,6.3,6.38,6.61,6.85,7.09
STUD0332,7.94,7.83,8.09,8.65,8.74,8.98,8.97,9.19
STUD0333,8.04,8.34,8.25,8.52,8.52,8.92,9.34,9.34
STUD0334,7.77,7.88,8.1,8.53,8.69,8.98,8.88,9.34
STUD0335,6.86,7.01,7.18,7.55,7.39,8.01,8.1,8.14
STUD0336,7.7,8.04,8.0,8.52,8.52,8.74,8.9,8.96
STUD0337,7.63,7.71,7.73,8.26,8.15,8.64,8.66,9.38
STUD0338,5.93,5.97,6.3,6.66,6.9,7.17,7.48,7.53
STUD0339,7.5,7.82,8.16,8.4,8.43,9.18,9.26,9.34
STUD0340,5.64,6.11,5.75,6.31,6.43,6.72,6.8,7.06
STUD0341,5.57,6.13,6.14,6.07,6.56,6.47,7.08,7.06
STUD0342,7.23,7.72,8.15,8.12,8.25,8.53,8.83,8.92
STUD0343,6.64,7.0,7.31,7.28,7.5,7.95,7.71,8.15
STUD0344,7.88,8.34,8.26,8.4,8.52,8.86,9.14,9.34
STUD0345,6.85,7.15,7.19,7.52,7.85,8.0,8.1,8.44
STUD0346,6.06,6.77,6.88,7.09,7.01,7.67,7.6,7.84
STUD0347,6.65,6.47,6.73,7.06,7.06,7.4,7.72,7.84
STUD0348,5.42,5.78,6.06,6.4,6.46,6.44,6.94,7.07
STUD0349,7.87,8.15,8.07,8.73,8.72,9.15,9.01,9.61
STUD0350,7.28,7.58,7.78,8.16,8.15,8.57,8.72,8.8
STUD0351,6.12,6.53,6.26,6.79,6.71,7.31,7.4,7.69
STUD0352,7.52,7.36,7.95,7.89,8.19,8.34,8.8,8.98
STUD0353,5.61,6.1,6.3,6.16,6.48,6.83,7.04,7.12
STUD0354,7.27,7.57,7.65,8.09,8.19,8.39,8.59,8.88
STUD0355,5.31,6.01,6.04,6.18,6.44,6.66,6.62,7.32
STUD0356,7.67,8.2,8.21,8.72,8.76,9.12,9.13,9.44
STUD0357,6.63,6.85,6.89,7.1,7.41,7.5,7.98,8.01
STUD0358,5.81,5.81,6.14,6.25,6.28,6.68,7.1,6.85
STUD0359,6.1,6.16,6.24,6.61,6.69,6.87,7.02,7.14
STUD0360,7.43,7.28,7.71,7.67,8.13,8.22,8.44,8.79
STUD0361,5.85,6.21,6.65,6.8,7.08,7.22,7.2,7.53
STUD0362,7.56,7.39,7.72,7.96,8.29,8.58,8.79,8.88
STUD0363,6.57,6.35,6.42,6.58,7.19,7.01,7.45,7.79
STUD0364,7.98,8.13,8.49,8.52,8.79,8.8,9.21,9.28
STUD0365,5.89,6.04,6.36,6.22,6.86,7.06,7.15,7.52
STUD0366,6.71,6.67,7.11,7.06,7.52,7.45,7.74,8.18
STUD0367,5.69,5.72,5.95,6.48,6.62,6.72,6.87,6.85
STUD0368,5.51,5.7,5.97,6.14,6.61,6.27,6.74,6.9
STUD0369,7.19,7.51,7.59,8.23,7.77,8.39,8.42,8.78
STUD0370,5.71,6.23,6.57,6.54,6.73,6.95,7.32,7.53
STUD0371,7.73,7.97,8.47,8.72,8.69,8.94,9.01,9.54
STUD0372,6.87,7.48,7.48,7.85,8.25,8.14,8.39,8.7
STUD0373,5.36,5.92,6.1,6.16,6.37,6.65,6.66,7.0
STUD0374,7.08,6.85,7.09,7.43,7.69,7.85,8.15,8.41
STUD0375,7.02,7.09,7.08,7.31,7.94,7.76,7.94,8.5
STUD0376,5.7,6.1,6.52,6.58,6.85,7.03,7.12,7.5
STUD0377,7.15,7.61,8.07,7.82,8.13,8.46,8.6,8.68
STUD0378,6.84,7.19,7.57,7.95,7.92,7.84,8.55,8.46
STUD0379,6.27,6.11,6.8,6.86,7.2,7.0,7.21,7.61
STUD0380,6.95,7.59,7.63,7.87,8.23,8.48,8.72,8.58
STUD0381,6.45,6.94,7.02,7.11,7.27,7.51,7.84,8.0
STUD0382,6.42,6.58,6.69,7.09,6.99,7.41,7.59,7.91
STUD0383,7.44,7.72,8.03,8.64,8.49,8.81,9.05,9.23
STUD0384,6.25,6.01,6.04,6.74,6.61,6.9,7.0,7.32
STUD0385,7.66,7.73,7.8,8.13,8.36,8.32,8.5,8.85
STUD0386,6.88,7.25,7.23,7.49,7.74,7.81,8.09,8.44
STUD0387,7.92,8.29,8.62,8.43,8.78,9.01,9.16,9.33
STUD0388,5.89,5.9,6.22,6.38,7.06,6.96,7.12,7.38
STUD0389,6.6,6.86,7.43,7.22,7.48,7.75,8.12,8.23
STUD0390,6.41,6.45,6.94,7.28,7.49,7.45,7.93,7.99
STUD0391,7.15,7.49,7.59,7.71,8.28,8.28,8.45,8.39
STUD0392,7.14,7.23,7.13,7.59,7.7,8.04,8.03,8.4
STUD0393,5.89,5.99,6.37,6.52,6.38,7.34,7.41,7.4
STUD0394,5.75,6.08,6.31,6.4,6.87,6.96,7.23,7.37
STUD0395,5.65,5.64,5.99,6.28,6.41,6.66,6.89,7.11
STUD0396,5.56,6.04,6.28,6.47,6.62,6.73,6.98,7.32
STUD0397,5.68,5.93,5.89,5.76,6.31,6.57,6.64,6.93
STUD0398,5.76,6.04,6.04,6.56,6.39,6.73,7.12,7.4
STUD0399,6.99,7.07,7.27,7.46,7.9,7.84,8.16,8.38
STUD0400,5.83,6.02,6.4,6.87,6.84,7.37,7.53,7.6
STUD0401,7.39,7.79,8.13,7.82,8.44,8.21,8.65,9.25
STUD0402,6.04,5.87,5.87,6.4,6.86,6.64,6.94,7.37
STUD0403,6.99,7.13,7.21,7.2,7.53,7.73,8.01,8.4
STUD0404,6.25,6.63,6.68,6.92,6.97,7.59,7.38,7.56
STUD0405,6.6,7.14,6.7,7.19,7.5,7.64,7.82,7.85
STUD0406,5.86,6.26,6.24,5.99,6.58,6.81,7.15,7.26
STUD0407,6.95,7.4,7.47,7.66,7.66,8.11,8.15,8.4
STUD0408,6.2,6.06,6.31,7.04,6.87,7.22,7.18,7.63
STUD0409,6.39,6.36,6.8,6.94,7.41,7.06,7.68,7.88
STUD0410,7.93,7.99,8.22,8.54,8.62,8.85,9.12,9.5
STUD0411,7.3,7.28,7.5,7.99,7.84,8.2,8.48,8.7
STUD0412,7.99,7.95,8.38,8.64,8.68,8.97,9.18,9.21
STUD0413,7.12,7.59,7.46,7.97,8.47,8.25,8.48,8.94
STUD0414,6.39,6.63,6.96,7.17,7.57,7.48,7.57,7.84
STUD0415,5.51,5.87,5.96,6.13,6.55,6.76,7.06,7.09
STUD0416,7.56,7.92,8.12,8.31,8.33,8.9,9.26,9.14
STUD0417,6.72,6.88,7.26,7.47,7.81,7.66,8.17,8.36
STUD0418,7.99,8.01,8.35,8.4,8.85,9.11,9.23,9.31
STUD0419,5.93,6.11,6.53,6.55,6.61,6.93,7.23,7.61
STUD0420,5.99,6.46,6.27,6.96,6.89,7.1,7.17,7.52
STUD0421,7.78,7.97,8.16,8.19,8.37,8.72,9.02,9.06
STUD0422,5.63,5.86,5.84,6.38,6.62,6.58,6.75,7.07
STUD0423,5.59,5.75,5.74,5.97,6.43,6.28,6.96,7.0
STUD0424,6.59,6.98,7.22,7.32,7.39,8.1,8.26,8.21
STUD0425,6.06,6.36,6.24,6.28,6.98,6.94,6.97,7.51
STUD0426,6.99,7.21,7.38,7.73,7.64,8.0,8.35,8.59
STUD0427,5.97,6.16,6.2,6.54,6.45,7.02,7.42,7.2
STUD0428,7.28,7.44,7.64,8.1,8.44,8.28,8.75,8.8
STUD0429,7.71,7.88,8.14,8.31,8.4,8.86,8.98,9.17
STUD0430,7.69,7.77,7.86,8.21,8.42,8.87,8.77,9.03
STUD0431,5.82,6.37,6.24,6.54,6.63,7.14,7.35,7.53
STUD0432,6.11,6.39,6.62,6.93,6.97,7.36,7.6,7.67
STUD0433,6.95,7.01,7.33,7.47,7.72,7.88,8.12,8.39
STUD0434,6.08,6.21,6.78,6.52,7.14,7.15,7.42,7.58
STUD0435,6.86,7.09,7.04,7.46,7.49,7.84,7.85,7.99
STUD0436,5.58,5.88,6.11,6.22,6.52,6.59,7.08,7.01
STUD0437,6.18,6.64,6.96,7.07,7.18,7.35,7.8,7.64
STUD0438,6.43,6.44,6.75,7.21,7.21,7.41,7.56,7.74
STUD0439,7.35,7.45,7.7,7.68,7.94,7.96,8.31,8.68
STUD0440,5.73,6.11,6.04,6.59,6.65,6.76,6.97,7.07
STUD0441,5.63,5.8,6.13,6.31,6.5,6.66,7.04,7.45
STUD0442,7.94,8.29,8.07,8.29,8.53,8.87,9.2,9.11
STUD0443,6.49,6.6,6.55,6.96,7.25,7.44,7.36,7.71
STUD0444,7.82,7.68,8.44,8.51,8.99,9.04,9.11,9.56
STUD0445,6.53,6.95,7.22,7.33,7.51,7.71,7.79,8.06
STUD0446,6.42,7.01,6.82,7.34,7.19,7.65,7.83,8.25
STUD0447,6.16,6.1,6.21,6.64,6.85,7.16,7.44,7.5
STUD0448,6.66,7.15,7.09,7.43,7.78,7.71,8.13,8.49
STUD0449,5.98,6.33,6.44,6.64,6.75,7.01,7.36,7.18
STUD0450,5.82,5.8,5.85,6.54,6.7,6.73,7.08,7.12
STUD0451,5.8,6.0,6.11,6.17,6.65,6.67,7.33,7.31
STUD0452,6.09,5.92,6.48,6.77,6.94,7.05,7.33,7.52
STUD0453,6.73,7.09,7.29,7.18,7.98,8.08,8.05,8.15
STUD0454,7.05,7.28,7.28,7.74,8.07,8.34,8.29,8.92
STUD0455,6.86,6.72,7.33,7.38,7.97,7.78,7.85,8.25
STUD0456,6.98,7.08,7.32,7.66,7.93,7.84,8.18,8.31
STUD0457,6.59,6.61,6.64,6.98,7.2,7.48,7.42,7.93
STUD0458,6.59,6.9,7.03,7.26,7.8,7.78,8.01,8.11
STUD0459,5.79,5.93,6.15,6.55,6.58,6.86,7.41,7.08
STUD0460,6.74,6.97,7.31,7.45,7.82,7.95,8.26,8.58
STUD0461,7.38,7.25,7.51,7.47,7.99,8.47,8.62,8.72
STUD0462,5.77,5.85,6.21,6.61,6.38,6.53,6.96,7.31
STUD0463,6.77,7.06,7.1,7.46,7.71,7.89,7.92,8.32
STUD0464,6.88,7.38,7.43,7.72,7.85,8.15,8.18,8.34
STUD0465,6.03,6.26,6.25,6.81,6.95,6.97,7.06,7.48
STUD0466,7.03,7.22,7.29,7.67,7.86,8.06,8.27,8.76
STUD0467,7.11,7.09,7.47,7.57,7.94,7.93,8.03,8.63
STUD0468,7.71,7.88,8.43,8.6,8.8,9.04,9.11,9.25
STUD0469,6.41,6.55,6.63,6.89,7.02,7.48,7.46,7.74
STUD0470,7.77,7.92,8.21,8.72,8.56,9.26,9.03,9.48
STUD0471,5.61,5.58,6.01,6.13,6.41,6.7,7.08,7.18
STUD0472,6.13,6.24,6.56,6.42,6.76,6.56,7.12,7.39
STUD0473,6.41,6.69,6.98,7.06,7.37,7.74,7.76,7.97
STUD0474,6.29,6.78,6.96,7.28,7.17,7.91,7.89,8.19
STUD0475,7.47,7.79,8.0,8.28,8.38,8.36,8.79,9.19
STUD0476,5.92,6.09,6.39,6.85,6.75,6.98,7.34,7.46
STUD0477,6.36,6.62,7.06,6.95,7.26,7.35,7.52,7.77
STUD0478,5.58,5.65,5.83,6.53,6.43,6.81,6.63,7.49
STUD0479,6.64,6.45,6.45,7.2,7.37,7.38,7.61,7.83
STUD0480,6.39,6.75,6.91,6.98,7.11,7.59,7.71,7.97
STUD0481,6.38,6.19,6.69,6.98,7.39,7.26,7.59,7.49
STUD0482,6.66,7.0,7.64,7.47,7.73,7.68,8.14,8.62
STUD0483,7.74,8.39,8.31,8.69,8.6,8.87,9.48,9.42
STUD0484,6.76,7.13,7.3,7.27,7.45,7.67,7.74,8.22
STUD0485,5.55,6.07,6.03,6.16,6.54,6.63,6.84,6.86
STUD0486,7.91,7.98,7.98,8.28,8.19,8.61,8.9,9.25
STUD0487,8.03,8.09,8.34,8.63,8.82,8.69,9.03,9.56
STUD0488,7.11,7.37,7.76,7.68,8.05,8.32,8.43,8.52
STUD0489,7.12,7.3,7.25,7.61,7.73,8.04,8.45,8.53
STUD0490,6.01,6.42,6.39,6.62,6.8,6.93,7.44,7.86
STUD0491,5.67,5.91,6.18,6.25,6.53,6.99,6.9,7.07
STUD0492,7.77,8.02,8.6,8.59,8.81,9.03,9.44,9.28
STUD0493,6.31,6.45,6.71,6.91,7.32,7.19,7.45,7.94
STUD0494,7.46,7.48,8.1,8.34,8.55,8.84,8.88,9.26
STUD0495,5.88,6.35,6.76,6.86,7.34,7.41,7.37,7.69
STUD0496,5.79,6.28,6.51,6.52,6.77,7.03,7.2,7.57
STUD0497,7.88,8.14,8.28,8.41,8.77,8.99,9.15,9.2
STUD0498,7.86,7.95,8.27,7.85,8.46,8.61,8.85,8.97
STUD0499,6.07,6.47,6.81,6.97,6.73,7.61,7.56,7.62
STUD0500,7.73,8.05,8.04,8.22,8.61,8.72,9.12,9.23
STUD0501,7.32,7.41,7.83,7.72,8.0,8.2,8.72,8.92
STUD0502,7.79,8.0,8.07,8.1,8.37,8.65,9.04,9.02
STUD0503,7.15,7.46,7.52,7.52,8.14,8.42,8.58,8.46
STUD0504,5.65,5.91,5.77,6.26,6.69,6.93,6.8,7.3
STUD0505,6.34,6.38,6.73,6.86,6.88,7.03,7.61,7.7
STUD0506,7.48,7.54,8.03,7.96,8.38,8.8,8.93,8.75
STUD0507,5.8,6.17,6.08,6.3,6.76,6.84,7.2,7.27
STUD0508,6.48,6.27,6.86,7.17,7.41,7.47,7.44,7.91
STUD0509,6.51,6.66,6.83,7.08,7.29,7.65,7.86,7.96
STUD0510,7.35,7.54,7.82,7.7,8.15,8.32,8.56,8.69
STUD0511,5.79,6.21,6.34,6.32,6.84,6.9,7.33,7.42
STUD0512,5.68,6.18,6.37,6.38,6.94,7.02,7.08,7.09
STUD0513,6.37,6.53,6.7,7.22,7.34,7.64,7.9,8.05
STUD0514,5.91,6.21,6.37,6.62,6.64,6.9,7.12,7.38
STUD0515,5.83,5.94,6.23,6.55,6.77,6.8,7.07,7.52
STUD0516,7.44,7.42,7.72,8.0,8.14,8.19,8.61,8.68
STUD0517,8.05,8.06,8.52,8.53,8.87,9.0,9.23,9.59
STUD0518,6.82,7.0,7.67,7.6,7.95,8.13,8.23,8.7
STUD0519,5.73,5.85,6.31,6.44,6.66,6.59,6.94,7.12
STUD0520,7.11,7.24,7.6,7.53,8.17,7.9,8.32,8.63
STUD0521,7.68,7.58,8.2,8.19,8.32,8.58,8.96,8.96
STUD0522,6.41,6.56,6.88,7.1,7.12,7.47,7.68,7.92
STUD0523,5.67,5.71,6.07,6.4,6.47,6.89,7.08,7.28
STUD0524,6.14,5.94,6.33,6.49,6.81,7.01,7.42,7.42
STUD0525,6.64,6.99,6.98,7.36,7.68,7.85,7.7,8.04
STUD0526,5.62,5.85,6.03,6.55,6.4,6.81,6.98,7.39
STUD0527,7.41,7.57,8.01,7.62,8.26,8.46,8.62,9.16
STUD0528,7.43,7.46,7.56,8.04,8.28,8.2,8.57,9.01
STUD0529,6.2,6.49,6.47,6.35,7.08,7.03,7.13,7.22
STUD0530,7.18,7.07,7.31,7.95,7.75,7.78,8.24,8.39
STUD0531,6.35,6.65,6.87,7.3,7.15,7.27,7.66,7.72
STUD0532,6.51,6.93,7.0,7.09,7.5,7.75,7.99,7.72
STUD0533,5.81,5.68,6.21,6.2,6.69,6.64,7.1,7.38
STUD0534,6.86,7.13,7.6,7.85,7.79,8.0,8.22,8.3
STUD0535,6.07,6.34,6.66,6.81,6.91,7.13,7.45,7.78
STUD0536,5.39,5.97,6.23,6.16,6.41,6.87,6.88,7.2
STUD0537,7.57,7.64,7.77,8.16,8.35,8.55,8.73,8.92
STUD0538,5.64,5.66,6.33,6.41,6.49,6.66,6.94,7.2
STUD0539,7.56,7.73,7.97,7.72,8.45,8.55,9.08,9.06
STUD0540,6.77,6.78,7.16,7.34,7.41,7.84,8.0,8.3
STUD0541,5.48,6.0,6.19,6.4,6.54,6.82,7.21,7.14
STUD0542,6.13,6.35,6.23,6.35,6.78,6.85,7.18,7.23
STUD0543,5.53,6.16,6.08,6.5,6.42,6.92,7.14,7.31
STUD0544,5.86,6.18,6.22,6.31,6.75,6.76,7.04,7.36
STUD0545,6.86,6.98,6.85,7.53,7.62,8.02,7.89,7.79
STUD0546,7.57,8.01,8.03,7.95,8.25,8.75,8.89,9.34
STUD0547,6.3,6.49,6.75,7.02,7.17,7.22,7.69,7.54
STUD0548,6.77,6.79,7.29,7.58,7.61,7.83,8.4,8.34
STUD0549,6.23,6.17,6.56,6.37,6.97,6.97,7.35,7.48
STUD0550,6.24,6.77,6.81,6.82,7.34,7.42,7.41,7.93
STUD0551,7.39,7.29,7.77,7.99,7.83,8.34,8.47,8.64
STUD0552,6.48,6.89,6.84,6.95,7.33,7.6,7.7,8.15
STUD0553,6.32,6.69,6.44,7.43,7.34,7.5,7.87,8.26
STUD0554,5.52,5.9,6.01,6.31,6.33,6.57,6.71,7.02
STUD0555,6.75,6.93,7.17,7.29,8.04,8.0,7.82,8.26
STUD0556,6.12,5.96,6.38,6.6,6.94,7.16,7.17,7.43
STUD0557,6.01,6.28,6.16,6.58,6.82,6.86,7.03,7.61
STUD0558,7.7,8.05,8.08,8.19,8.66,8.77,9.05,9.16
STUD0559,6.48,6.68,6.75,6.87,7.08,7.39,7.76,8.02
STUD0560,5.85,6.15,6.27,6.66,7.03,6.77,7.28,7.6
STUD0561,6.1,6.09,6.57,6.77,7.04,7.05,7.31,7.65
STUD0562,6.01,6.26,6.33,6.43,6.7,6.84,7.2,7.38
STUD0563,7.1,7.26,7.23,7.6,7.73,8.13,8.31,8.16
STUD0564,6.71,6.77,6.61,7.14,7.39,7.39,7.73,7.81
STUD0565,7.03,7.27,7.38,7.34,7.73,8.14,8.18,8.48
STUD0566,5.94,6.05,6.41,6.44,6.67,7.05,7.18,7.3
STUD0567,6.23,6.71,6.94,6.91,6.98,7.04,7.34,7.57
STUD0568,6.74,7.2,7.55,7.5,7.53,7.74,8.12,8.36
STUD0569,6.91,7.17,7.4,7.94,7.49,8.12,8.21,8.53
STUD0570,6.71,7.15,6.85,7.32,7.42,7.82,7.93,7.96
STUD0571,6.33,6.24,6.8,6.93,6.96,7.27,7.74,7.83
STUD0572,5.44,5.74,6.07,6.18,6.38,6.66,6.9,7.01
STUD0573,7.18,7.29,7.58,7.59,8.38,8.07,8.31,8.62
STUD0574,6.83,7.12,7.26,7.37,7.65,7.97,7.97,8.26
STUD0575,6.44,6.23,6.79,6.82,7.05,6.93,7.38,7.49
STUD0576,7.37,7.32,7.7,7.73,8.3,8.57,8.63,8.92
STUD0577,7.5,7.73,8.22,8.33,8.52,8.69,8.92,9.34
STUD0578,5.71,6.02,6.45,6.67,6.9,7.07,7.18,7.49
STUD0579,5.98,6.34,6.68,6.57,7.04,7.24,7.45,7.81
STUD0580,7.7,7.96,7.61,8.11,8.31,8.44,8.8,8.94
STUD0581,6.72,6.82,6.87,7.25,7.36,8.04,7.98,8.16
STUD0582,6.21,6.4,6.71,6.72,7.03,7.13,7.55,7.84
STUD0583,7.6,7.79,8.05,8.23,8.26,8.64,8.68,9.07
STUD0584,7.33,7.15,7.51,7.62,7.65,7.77,8.38,8.71
STUD0585,6.04,6.4,6.64,6.88,7.21,7.22,7.49,7.75
STUD0586,5.8,6.03,6.09,6.38,6.65,6.85,7.0,7.43
STUD0587,6.15,6.41,6.41,6.63,6.85,7.23,7.52,7.52
STUD0588,7.01,6.92,7.3,7.68,7.56,8.02,8.17,8.12
STUD0589,5.74,6.37,6.12,6.19,6.61,6.48,6.99,7.22
STUD0590,7.27,7.83,7.68,7.96,8.09,8.51,8.89,8.75
STUD0591,6.71,6.84,7.31,7.55,7.79,7.9,8.16,8.46
STUD0592,6.57,6.67,6.89,6.98,7.16,7.13,7.68,8.14
STUD0593,6.41,6.42,6.56,7.04,7.06,7.25,7.56,7.87
STUD0594,6.58,7.23,7.28,7.68,7.8,7.91,8.23,8.27
STUD0595,7.45,7.55,7.76,7.87,8.54,8.48,8.66,8.77
STUD0596,6.91,6.95,7.21,7.28,7.65,8.06,7.89,8.46
STUD0597,5.89,6.37,6.06,6.67,6.73,7.04,7.12,7.22
STUD0598,7.39,7.82,7.77,8.11,8.38,8.43,8.72,8.99
STUD0599,7.5,7.78,8.01,8.07,8.38,8.55,8.87,9.04
STUD0600,6.63,7.03,7.43,7.62,7.67,8.18,8.12,8.5
STUD0601,5.99,5.96,6.05,6.58,6.88,7.29,6.93,7.43
STUD0602,7.83,7.71,8.18,7.99,8.62,8.57,8.99,9.36
STUD0603,7.17,7.77,7.69,8.13,8.45,8.49,8.41,8.71
STUD0604,6.95,6.95,7.19,7.14,7.55,7.76,7.81,8.12
STUD0605,6.48,6.66,6.98,7.42,7.33,7.69,7.78,8.06
STUD0606,7.88,8.32,8.18,8.48,8.86,8.99,9.22,9.26
STUD0607,7.68,7.87,8.01,8.33,8.58,8.46,8.86,9.12
STUD0608,5.69,5.69,5.78,6.0,6.32,6.53,6.93,6.9
STUD0609,7.71,8.09,8.03,8.47,8.37,8.75,9.0,9.52
STUD0610,7.95,8.11,8.49,8.08,9.0,8.91,9.32,9.53
STUD0611,6.8,7.22,7.06,7.38,7.46,7.91,8.16,8.39
STUD0612,5.64,5.97,6.14,6.34,6.24,6.62,7.13,7.37
STUD0613,6.38,6.61,6.83,7.2,7.49,7.75,8.24,7.73
STUD0614,7.86,8.23,8.47,8.42,8.9,8.99,9.23,9.31
STUD0615,8.0,7.78,8.03,8.11,8.55,8.89,9.1,9.32
STUD0616,5.71,5.54,6.05,6.15,6.31,6.65,6.84,6.93
STUD0617,6.08,6.41,6.77,6.91,6.99,7.33,7.31,7.93
STUD0618,7.44,7.81,8.16,8.18,8.63,8.6,8.83,8.98
STUD0619,6.58,6.7,7.1,7.13,7.66,7.72,7.92,8.26
STUD0620,6.51,6.88,6.96,7.49,7.65,7.85,7.62,8.15
STUD0621,7.85,8.06,8.25,8.51,8.92,8.98,9.03,9.71
STUD0622,8.14,8.22,8.25,8.41,8.89,9.06,8.91,9.5
STUD0623,5.58,5.92,6.16,6.48,6.75,6.69,6.72,7.23
STUD0624,7.59,7.87,7.97,8.08,8.31,8.66,8.88,8.99
STUD0625,5.52,6.01,5.95,6.19,6.34,6.79,7.13,7.12
STUD0626,7.26,7.56,7.76,7.88,7.91,8.47,8.75,8.58
STUD0627,6.74,6.7,7.09,7.22,7.21,7.99,8.07,8.26
STUD0628,7.54,7.65,7.9,8.11,8.19,8.24,8.53,8.91
STUD0629,5.54,5.77,6.03,6.33,6.53,6.69,7.04,6.85
STUD0630,5.66,5.75,5.92,6.42,6.55,6.33,6.78,6.98
STUD0631,7.39,7.64,8.11,8.16,8.35,8.57,8.99,8.9
STUD0632,6.95,7.29,7.22,7.52,7.73,7.97,8.23,8.24
STUD0633,6.46,6.68,6.82,6.82,7.01,7.03,7.8,7.78
STUD0634,7.71,7.5,8.11,7.99,8.48,8.53,8.86,8.97
STUD0635,6.55,6.92,7.04,7.46,7.57,7.88,8.16,8.31
STUD0636,5.76,6.06,6.07,6.47,6.61,6.73,7.41,7.16
STUD0637,5.48,5.9,6.4,6.48,6.79,6.82,7.15,7.08
STUD0638,6.91,6.76,6.78,7.37,7.47,7.73,7.82,7.95
STUD0639,7.04,7.15,7.43,7.69,7.81,8.04,8.23,8.63
STUD0640,7.28,7.63,7.74,7.74,8.19,8.31,8.72,8.82
STUD0641,5.96,6.03,6.16,6.07,6.64,6.83,7.15,7.28
STUD0642,6.51,6.35,6.63,6.66,7.16,7.34,7.72,7.87
STUD0643,5.7,6.16,6.27,6.5,6.56,6.99,7.41,7.16
STUD0644,7.38,7.72,7.86,8.27,7.99,8.44,8.95,9.01
STUD0645,6.74,6.88,6.93,7.18,7.36,7.77,7.68,7.91
STUD0646,6.67,7.05,7.08,7.39,7.6,7.78,7.89,8.31
STUD0647,6.68,6.75,7.29,7.5,7.35,8.03,8.41,8.26
STUD0648,7.09,6.58,7.4,7.47,7.59,7.99,8.16,8.48
STUD0649,5.69,6.06,6.18,6.26,6.88,6.84,6.93,7.31
STUD0650,5.99,6.39,6.77,7.11,7.07,7.26,7.37,7.61
STUD0651,6.24,6.56,6.68,6.87,7.12,7.24,7.49,7.44
STUD0652,7.09,7.37,7.65,7.64,7.62,8.14,8.34,8.48
STUD0653,7.72,7.81,8.15,8.26,8.6,8.44,8.88,9.42
STUD0654,6.23,6.2,6.52,6.42,6.79,7.05,7.44,7.69
STUD0655,5.71,5.74,5.9,6.16,6.5,6.84,6.75,7.07
STUD0656,5.66,6.14,6.74,6.54,6.73,6.91,7.21,7.46
STUD0657,5.69,5.76,6.12,6.15,6.76,6.56,6.95,7.04
STUD0658,6.33,6.3,6.33,6.87,6.96,7.23,7.36,7.98
STUD0659,7.9,7.84,8.58,8.49,8.83,8.82,9.2,9.18
STUD0660,5.71,6.29,6.59,6.49,7.0,7.12,7.56,7.41
STUD0661,6.46,6.95,6.91,6.99,7.63,7.82,7.97,8.21
STUD0662,6.55,6.98,7.23,7.49,7.88,7.49,8.02,8.42
STUD0663,6.84,6.61,7.03,7.29,7.32,7.38,7.35,8.04
STUD0664,6.95,7.06,7.68,7.7,7.73,8.0,8.54,8.33
STUD0665,5.59,5.98,5.95,6.19,6.25,6.76,6.88,7.0
STUD0666,6.67,6.96,7.46,7.41,7.57,8.28,7.97,8.38
STUD0667,8.0,7.63,7.85,8.12,8.46,8.56,8.94,8.92
STUD0668,6.34,6.32,6.79,7.08,7.5,7.36,7.58,8.12
STUD0669,6.57,6.77,6.98,7.19,7.41,7.66,7.84,8.18
STUD0670,5.63,6.23,6.34,6.74,6.81,6.72,7.14,7.18
STUD0671,6.69,6.58,6.8,7.49,7.34,7.54,7.54,8.04
STUD0672,7.58,7.78,8.38,8.37,8.82,9.09,9.22,9.2
STUD0673,5.6,5.97,6.01,5.86,6.43,6.83,6.75,7.04
STUD0674,6.21,6.8,6.91,7.51,7.47,7.74,7.87,8.11
STUD0675,6.61,6.43,7.02,6.97,7.54,7.59,7.88,8.01
STUD0676,6.69,6.51,7.0,7.05,7.31,7.74,7.94,7.94
STUD0677,5.66,5.51,6.32,6.35,6.68,6.48,7.11,7.48
STUD0678,7.05,7.29,7.49,7.68,8.14,8.17,8.53,8.7
STUD0679,6.13,6.37,6.83,7.02,7.13,7.57,7.74,8.01
STUD0680,8.12,7.93,8.62,8.42,8.52,8.9,9.64,9.5
STUD0681,7.65,7.92,8.01,8.08,8.53,8.6,8.92,8.7
STUD0682,5.91,5.9,6.37,6.55,6.88,7.12,7.17,7.21
STUD0683,7.43,7.32,7.5,7.84,8.11,8.2,8.55,8.73
STUD0684,5.93,5.82,6.27,6.25,6.61,6.96,6.93,7.38
STUD0685,6.89,7.18,7.35,7.62,7.89,8.26,8.3,8.32
STUD0686,6.47,6.49,6.55,6.98,7.18,7.67,7.71,7.85
STUD0687,6.64,6.88,7.4,7.2,7.41,7.69,8.05,7.88
STUD0688,5.63,5.79,5.96,6.0,6.39,6.64,6.95,7.44
STUD0689,6.13,5.96,6.55,6.77,7.0,7.25,7.62,7.45
STUD0690,5.79,5.9,5.69,6.24,6.58,6.47,6.99,7.15
STUD0691,6.41,6.8,6.8,7.15,7.61,7.52,7.65,7.96
STUD0692,6.9,7.25,7.58,7.8,7.73,7.94,8.27,8.62
STUD0693,7.01,7.26,7.67,7.51,7.65,7.92,8.07,8.68
STUD0694,5.63,5.77,6.09,6.5,6.29,6.6,6.79,7.11
STUD0695,7.92,8.09,8.43,8.54,8.72,8.83,9.18,9.5
STUD0696,6.92,7.07,7.34,7.3,7.7,7.78,8.18,8.21
STUD0697,6.6,6.34,6.76,6.79,7.27,7.13,7.61,7.62
STUD0698,5.59,5.97,6.12,6.6,6.75,6.71,7.08,7.2
STUD0699,7.46,7.72,7.59,7.71,8.19,8.27,8.85,8.79
STUD0700,5.95,6.15,6.56,6.77,6.55,7.37,7.09,7.6
STUD0701,7.82,7.97,8.02,8.49,8.95,8.75,8.98,9.18
STUD0702,5.49,5.76,6.07,6.15,6.39,6.76,6.66,7.04
STUD0703,6.81,7.13,7.03,7.2,7.88,7.77,8.25,8.27
STUD0704,7.97,7.79,8.09,8.44,9.05,8.79,9.01,9.59
STUD0705,7.41,8.18,8.09,8.2,8.59,8.92,8.96,9.36
STUD0706,5.94,6.11,6.22,6.16,6.38,6.63,7.01,7.24
STUD0707,5.91,6.04,6.76,6.91,6.67,7.3,7.22,7.51
STUD0708,5.96,5.57,5.99,6.36,6.25,6.57,6.76,7.09
STUD0709,6.72,7.18,7.37,7.4,7.6,8.11,8.12,8.21
STUD0710,6.83,7.03,7.3,7.78,7.96,8.01,8.38,8.09
STUD0711,5.51,5.89,6.02,6.13,6.68,6.83,6.82,7.2
STUD0712,7.63,7.98,7.8,8.07,8.42,8.47,8.57,9.22
STUD0713,6.9,6.7,6.97,7.28,7.76,7.88,7.95,8.23
STUD0714,7.9,7.99,8.61,8.57,8.69,8.99,9.05,9.32
STUD0715,6.61,6.9,7.24,7.29,7.35,7.75,7.97,8.2
STUD0716,7.19,7.64,7.86,7.82,8.14,8.18,8.72,8.93
STUD0717,6.71,6.91,6.88,7.38,7.35,7.53,7.87,8.05
STUD0718,6.16,6.22,6.5,6.58,6.79,7.14,7.33,7.64
STUD0719,6.29,6.75,6.83,7.06,7.24,7.66,7.51,8.0
STUD0720,7.17,7.64,7.5,8.17,8.05,8.41,8.54,8.76
STUD0721,6.45,6.53,6.88,7.26,7.59,7.61,8.01,7.82
STUD0722,6.14,6.29,6.5,6.68,6.91,7.32,7.33,7.89
STUD0723,5.73,5.94,6.19,6.41,6.54,7.01,6.86,7.14
STUD0724,7.02,7.04,7.13,7.29,7.47,7.48,7.73,8.49
STUD0725,6.67,6.92,6.89,7.28,7.6,7.88,7.79,7.69
STUD0726,6.23,6.43,6.76,6.83,7.2,7.38,7.88,7.58
STUD0727,8.08,8.17,8.68,8.37,8.72,8.99,9.29,9.63
STUD0728,6.25,6.21,6.42,6.87,6.71,7.33,7.43,7.36
STUD0729,6.12,6.13,6.67,6.53,7.01,7.05,7.34,7.68
STUD0730,7.5,7.67,8.1,7.93,8.28,8.42,8.74,9.03
STUD0731,6.27,6.33,6.46,7.08,7.15,7.26,7.33,7.6
STUD0732,6.92,6.92,7.05,7.23,7.66,7.75,7.77,8.28
STUD0733,6.43,6.57,6.63,7.01,7.34,7.56,7.41,7.89
STUD0734,6.95,7.19,7.46,7.65,7.96,8.28,8.52,8.55
STUD0735,6.32,6.61,6.69,6.98,7.17,7.71,7.67,8.01
STUD0736,6.08,6.17,6.63,6.45,6.75,6.99,7.24,7.43
STUD0737,5.97,6.01,6.33,6.49,6.77,6.61,6.91,7.49
STUD0738,6.33,6.51,6.62,6.99,6.79,7.42,7.56,7.59
STUD0739,6.78,6.82,7.3,7.65,7.69,7.75,8.24,8.41
STUD0740,7.14,7.17,7.24,7.58,7.76,8.24,8.48,8.6
STUD0741,7.65,7.67,8.11,8.21,8.17,8.78,9.01,9.13
STUD0742,6.44,6.95,6.8,7.25,6.93,7.22,7.78,7.6
STUD0743,7.57,7.83,8.05,8.14,8.56,8.76,9.14,9.31
STUD0744,5.64,5.87,6.13,6.06,6.35,6.57,6.72,6.8
STUD0745,6.51,6.96,7.21,7.36,7.39,7.72,8.12,8.36
STUD0746,7.48,7.86,7.93,8.39,8.39,8.7,8.91,9.16
STUD0747,7.74,8.14,8.29,8.61,8.57,9.03,9.01,9.48
STUD0748,7.4,7.9,8.37,8.57,8.52,8.96,9.21,9.35
STUD0749,7.7,7.53,7.83,8.2,8.15,8.3,8.71,8.61
STUD0750,5.69,5.78,6.0,6.2,6.64,6.27,6.87,7.36
STUD0751,7.34,7.73,7.87,7.94,8.55,8.45,8.48,9.17
STUD0752,5.99,5.92,6.43,6.17,6.86,6.85,7.15,7.52
STUD0753,6.61,6.97,7.04,7.4,7.69,7.94,7.83,8.56
STUD0754,7.65,7.95,8.09,8.39,8.17,9.0,8.94,8.9
STUD0755,6.5,6.66,6.78,6.79,7.36,7.74,7.65,8.02
STUD0756,6.81,7.03,7.25,7.52,7.75,7.95,8.11,8.45
STUD0757,7.6,7.86,7.92,8.57,8.39,8.63,8.8,9.43
STUD0758,6.04,6.43,6.48,6.75,6.86,6.92,7.33,7.44
STUD0759,5.66,6.3,6.27,6.54,6.84,6.83,7.27,6.95
STUD0760,6.17,6.19,6.68,6.87,7.02,7.35,7.72,7.93
STUD0761,8.03,8.22,8.32,8.4,8.65,8.88,9.13,9.43
STUD0762,6.48,6.92,6.99,7.05,7.36,7.6,8.07,8.2
STUD0763,6.3,6.27,6.8,7.03,6.91,7.17,7.68,7.7
STUD0764,6.46,6.81,7.24,6.91,7.48,7.64,8.02,8.29
STUD0765,7.3,7.34,7.22,7.8,8.1,8.15,8.64,8.72
STUD0766,7.35,7.97,8.15,8.16,8.16,8.35,8.83,8.91
STUD0767,6.79,6.61,6.98,7.07,7.48,7.68,7.94,8.08
STUD0768,6.84,6.94,7.12,7.49,7.46,7.56,7.77,8.09
STUD0769,6.03,6.46,6.52,6.79,7.16,7.13,7.42,7.73
STUD0770,6.82,6.86,7.1,7.54,7.65,7.8,7.94,8.16
STUD0771,7.81,8.23,7.88,8.47,8.95,8.88,9.3,9.17
STUD0772,7.63,7.69,8.33,8.17,8.62,8.53,8.91,9.3
STUD0773,7.96,7.99,8.21,8.38,8.74,8.79,9.21,9.11
STUD0774,6.94,7.3,7.69,7.91,8.38,8.12,8.65,8.74
STUD0775,6.42,6.64,6.64,7.46,7.29,7.61,7.71,8.17
STUD0776,5.78,6.14,6.15,6.81,7.1,6.71,7.21,7.43
STUD0777,7.41,7.69,8.13,8.26,8.86,9.05,8.86,9.28
STUD0778,6.13,6.18,6.43,6.71,7.03,7.48,7.34,7.7
STUD0779,7.15,6.96,7.36,7.62,7.78,8.0,8.58,8.39
STUD0780,6.16,6.33,6.65,6.82,6.9,7.6,7.56,7.68
STUD0781,7.4,7.67,8.0,7.95,8.43,8.9,8.88,9.03
STUD0782,7.66,7.54,8.09,8.13,8.39,8.77,8.91,9.07
STUD0783,6.9,6.83,7.09,7.18,7.66,7.91,7.82,8.17
STUD0784,6.27,6.52,6.69,7.16,6.92,7.33,7.67,7.92
STUD0785,5.73,5.79,5.91,6.61,6.46,6.76,7.14,7.73
STUD0786,5.91,5.96,6.21,6.4,6.67,7.03,7.0,7.28
STUD0787,6.87,6.95,7.22,7.3,7.53,7.84,7.84,8.18
STUD0788,6.2,6.1,6.65,6.76,7.1,7.1,7.29,7.58
STUD0789,7.81,7.67,7.91,8.67,8.76,8.71,8.97,9.05
STUD0790,7.67,8.21,8.01,8.34,8.43,8.81,9.26,9.22
STUD0791,6.18,6.36,6.71,6.86,7.22,7.15,7.37,7.45
STUD0792,7.81,7.64,8.14,8.5,8.62,8.41,8.8,9.08
STUD0793,7.93,8.3,8.21,8.8,8.62,8.95,9.12,9.22
STUD0794,7.4,7.52,7.73,7.86,8.27,8.4,8.6,8.71
STUD0795,7.71,7.8,8.09,8.36,8.4,8.69,8.91,9.26
STUD0796,5.54,6.08,5.96,6.16,6.45,6.54,6.87,7.43
STUD0797,7.59,7.91,8.21,7.89,8.2,8.81,8.79,8.94
STUD0798,6.5,6.44,6.79,7.07,7.44,7.42,7.89,8.07
STUD0799,7.15,7.41,7.79,7.81,8.1,8.38,8.65,8.48
STUD0800,5.66,5.98,6.12,6.34,6.63,6.97,7.19,7.39
STUD0801,7.12,7.29,7.63,7.82,7.88,8.2,8.35,8.44
STUD0802,6.75,7.19,7.36,7.81,7.66,7.79,8.02,8.33
STUD0803,6.81,7.25,7.21,7.55,7.92,7.91,8.51,8.67
STUD0804,5.68,6.06,6.09,6.07,6.73,6.75,6.98,7.29
STUD0805,7.73,7.65,8.21,8.22,8.52,8.72,8.75,8.99
STUD0806,7.16,7.49,7.47,7.86,7.55,8.35,8.4,8.57
STUD0807,7.38,7.46,7.48,7.81,8.05,8.08,8.38,8.62
STUD0808,6.28,6.88,7.13,7.42,7.61,7.53,8.05,8.28
STUD0809,6.97,7.07,7.36,7.71,7.62,7.86,8.12,8.07
STUD0810,6.05,6.46,6.93,6.91,7.4,7.16,7.33,7.59
STUD0811,7.35,7.15,7.24,7.38,7.77,8.0,8.25,8.4
STUD0812,6.17,6.56,6.64,6.53,7.2,6.95,7.19,7.54
STUD0813,7.43,7.42,7.97,7.86,8.01,8.45,8.5,8.65
STUD0814,7.9,7.91,8.36,8.53,8.88,9.03,9.43,9.45
STUD0815,6.86,7.05,7.39,7.53,7.67,8.02,8.06,8.28
STUD0816,7.87,8.1,8.25,8.08,8.42,8.84,9.02,9.31
STUD0817,5.88,6.12,6.35,6.07,6.89,6.79,7.22,7.44
STUD0818,7.22,7.36,7.43,7.89,8.05,8.55,8.55,8.65
STUD0819,8.03,7.96,8.27,8.58,9.09,9.0,9.4,9.46
STUD0820,6.4,6.15,6.56,7.02,6.97,7.36,7.39,7.66
STUD0821,7.64,7.6,7.96,8.27,8.08,8.92,8.77,8.72
STUD0822,7.32,7.16,7.4,7.78,7.85,8.15,8.53,8.62
STUD0823,8.0,7.96,8.04,8.54,8.78,9.17,8.97,9.55
STUD0824,6.5,7.17,7.39,7.36,7.29,7.61,7.75,7.95
STUD0825,6.83,7.54,7.29,7.34,7.71,7.92,8.17,8.46
STUD0826,7.27,7.33,7.77,7.89,8.07,8.2,8.48,8.69
STUD0827,5.79,6.0,6.46,6.51,6.66,6.91,7.32,7.34
STUD0828,6.91,7.11,7.2,7.52,7.94,8.13,8.34,8.55
STUD0829,5.61,5.99,5.92,6.24,6.27,6.94,7.08,7.0
STUD0830,7.6,7.72,7.86,8.11,8.4,8.25,8.9,9.34
STUD0831,6.3,6.35,6.81,6.7,6.86,7.23,7.44,7.78
STUD0832,7.32,7.55,7.76,7.84,8.03,8.6,8.79,9.0
STUD0833,7.39,7.47,7.25,7.81,8.02,8.18,8.56,8.7
STUD0834,6.28,6.22,6.38,6.65,7.05,7.1,7.39,7.46
STUD0835,6.92,7.2,7.04,7.26,7.56,7.73,8.09,7.98
STUD0836,7.38,7.25,7.4,7.66,7.95,8.24,8.42,8.54
STUD0837,7.79,8.11,8.36,8.61,8.89,8.99,8.94,9.29
STUD0838,7.05,7.34,7.3,7.44,7.6,7.78,8.25,8.28
STUD0839,6.67,7.04,7.32,7.27,7.55,7.68,7.93,8.07
STUD0840,7.4,7.18,7.92,7.72,8.0,8.44,8.6,8.91
STUD0841,6.46,6.89,7.16,7.13,7.58,7.76,8.12,8.0
STUD0842,6.55,6.5,7.19,7.04,7.5,7.56,7.81,8.1
STUD0843,7.59,7.74,8.03,8.33,8.45,8.76,8.99,9.27
STUD0844,6.76,7.2,7.14,7.31,8.15,7.95,8.17,8.39
STUD0845,6.86,7.25,7.37,7.57,7.69,8.27,8.18,8.56
STUD0846,5.63,5.49,6.05,5.84,6.35,6.35,6.91,7.04
STUD0847,8.11,8.07,8.42,8.6,8.79,9.07,9.11,9.65
STUD0848,6.77,7.04,7.11,7.47,7.55,8.0,8.0,8.4
STUD0849,7.11,7.44,7.49,7.81,7.81,8.34,8.73,9.1
STUD0850,8.14,8.22,8.32,8.44,8.56,9.02,9.06,9.49
STUD0851,7.5,7.86,7.84,8.37,8.27,8.49,8.72,9.19
STUD0852,5.38,5.8,5.89,6.09,6.29,6.22,6.64,7.18
STUD0853,6.61,6.38,6.68,6.88,7.09,7.46,7.72,7.75
STUD0854,7.35,7.21,7.79,7.79,8.02,8.36,8.36,8.33
STUD0855,7.19,7.48,7.57,7.82,8.03,8.2,8.69,8.79
STUD0856,7.75,7.62,8.16,8.34,8.68,8.66,8.97,8.77
STUD0857,6.83,6.8,7.11,7.23,7.33,7.3,7.89,7.95
STUD0858,6.24,6.25,6.53,6.87,7.22,7.51,7.49,7.52
STUD0859,6.94,7.62,7.88,7.71,8.18,8.44,8.58,8.68
STUD0860,7.7,8.03,8.12,8.54,8.89,8.66,8.83,9.28
STUD0861,6.3,6.26,6.68,6.96,7.31,7.43,7.77,8.07
STUD0862,7.4,7.33,7.72,7.8,8.0,8.11,8.06,8.71
STUD0863,6.48,6.6,6.98,6.99,7.08,7.39,7.41,7.68
STUD0864,7.19,7.37,7.55,7.96,8.08,8.44,8.32,8.63
STUD0865,7.31,7.7,7.81,8.34,8.22,8.34,8.44,8.97
STUD0866,6.07,6.31,6.44,6.82,6.98,7.12,7.49,7.69
STUD0867,6.83,6.82,7.01,7.5,7.65,7.83,7.89,8.32
STUD0868,6.58,6.72,6.93,7.46,7.61,7.42,7.73,8.05
STUD0869,7.28,7.34,7.53,7.79,8.04,8.3,8.56,8.19
STUD0870,6.26,6.38,6.9,7.05,7.53,7.5,7.49,7.67
STUD0871,5.78,6.01,6.74,6.67,6.93,7.05,6.95,7.46
STUD0872,6.26,6.23,6.55,7.02,6.88,7.46,7.39,7.49
STUD0873,6.64,7.18,7.31,7.59,7.95,7.94,7.95,8.76
STUD0874,6.08,6.2,6.33,6.68,7.03,7.46,7.27,7.76
STUD0875,7.56,7.59,7.69,8.1,8.35,8.53,8.49,8.79
STUD0876,5.2,5.62,5.74,6.18,6.3,6.67,6.78,6.77
STUD0877,6.64,6.83,7.26,7.27,7.57,8.05,8.18,8.38
STUD0878,5.76,5.98,6.24,6.74,6.81,7.04,7.37,7.48
STUD0879,5.7,5.55,6.04,6.32,6.54,6.45,6.73,7.2
STUD0880,5.56,5.89,6.02,6.09,6.34,6.77,6.74,6.97
STUD0881,8.03,7.99,8.37,8.67,9.03,9.15,9.16,9.66
STUD0882,6.14,6.1,6.7,6.27,6.56,7.21,7.46,7.31
STUD0883,8.08,8.1,8.21,8.49,8.72,8.67,9.54,9.42
STUD0884,7.66,8.3,8.19,8.41,8.77,9.17,9.2,9.44
STUD0885,7.07,7.32,7.61,7.6,7.93,8.15,8.21,8.91
STUD0886,6.61,6.42,6.96,7.22,7.26,7.27,7.68,8.13
STUD0887,6.95,7.23,7.4,7.45,7.66,7.98,8.25,8.43
STUD0888,7.55,7.91,8.24,8.25,8.69,8.46,9.27,9.16
STUD0889,7.95,8.05,8.35,8.74,8.81,8.88,9.08,9.36
STUD0890,7.74,7.84,8.14,8.41,8.4,8.57,8.65,9.14
STUD0891,5.91,6.27,6.43,6.58,6.95,7.35,7.56,7.24
STUD0892,6.52,6.68,6.76,7.13,7.43,7.34,7.85,8.05
STUD0893,5.89,6.14,6.17,6.36,6.64,6.65,7.01,7.36
STUD0894,7.46,8.16,7.79,8.18,8.51,8.83,9.0,9.46
STUD0895,5.63,5.89,6.46,6.33,6.64,6.88,6.87,7.1
STUD0896,6.34,6.28,6.84,6.54,7.03,7.63,7.51,7.75
STUD0897,6.5,6.71,6.63,7.13,7.46,7.73,8.09,7.74
STUD0898,6.99,7.02,7.2,7.3,7.57,7.7,8.01,8.03
STUD0899,7.6,7.86,8.18,7.97,8.52,8.61,8.89,9.23
STUD0900,6.28,6.72,6.69,6.65,7.14,7.41,7.58,7.9
STUD0901,5.82,6.09,6.53,6.51,7.07,7.1,7.34,7.5
STUD0902,7.47,7.67,7.88,8.07,8.27,8.17,8.64,8.87
STUD0903,6.05,6.43,6.78,6.97,6.82,7.42,7.39,7.74
STUD0904,6.85,7.05,7.57,7.6,7.56,8.07,8.33,8.39
STUD0905,6.19,7.1,7.18,7.12,7.09,7.64,7.59,8.09
STUD0906,6.07,6.25,6.3,6.76,6.8,7.11,7.03,7.27
STUD0907,6.81,7.13,7.03,7.57,7.48,7.62,7.8,8.35
STUD0908,7.29,7.5,7.76,7.88,8.29,8.51,8.88,8.63
STUD0909,7.2,7.44,7.74,7.99,8.01,8.48,8.6,8.54
STUD0910,6.22,6.4,6.59,6.94,7.04,7.4,7.65,7.75
STUD0911,7.48,7.51,7.97,8.08,8.05,8.7,8.63,8.67
STUD0912,6.85,7.14,7.47,7.55,8.02,7.79,8.31,8.52
STUD0913,6.75,7.17,7.18,7.51,7.64,7.86,8.03,8.5
STUD0914,6.12,6.26,6.53,6.9,6.85,7.5,7.47,7.54
STUD0915,5.54,5.89,5.77,6.44,6.5,6.89,6.86,7.33
STUD0916,6.25,6.01,6.53,6.78,6.47,6.94,7.47,7.26
STUD0917,6.71,6.92,6.95,7.52,7.74,7.93,7.93,8.13
STUD0918,6.72,6.88,7.1,7.37,7.75,7.78,8.12,8.31
STUD0919,6.36,6.39,6.77,6.99,6.96,7.55,7.48,7.84
STUD0920,7.47,7.47,7.54,7.93,8.07,8.01,8.61,8.64
STUD0921,6.74,7.1,7.01,7.5,7.46,7.87,7.75,8.22
STUD0922,6.52,6.77,7.22,7.31,7.55,7.73,8.14,8.19
STUD0923,5.88,6.1,6.2,6.38,6.21,6.68,6.92,6.93
STUD0924,6.51,6.67,7.24,7.05,7.25,7.69,7.46,7.74
STUD0925,6.3,6.63,6.71,7.13,7.26,7.51,7.89,7.76
STUD0926,6.65,6.9,7.11,7.38,7.64,7.82,8.04,8.18
STUD0927,6.32,6.76,6.47,6.9,6.99,7.44,7.32,7.83
STUD0928,7.81,7.88,8.31,8.29,8.8,9.06,9.05,9.41
STUD0929,7.31,7.37,7.59,7.65,8.23,8.25,8.55,8.58
STUD0930,5.94,6.11,6.21,6.08,6.72,7.04,7.54,7.29
STUD0931,7.11,7.42,7.57,8.06,8.12,8.18,8.44,8.89
STUD0932,6.76,7.41,7.43,7.78,7.88,8.07,8.09,8.5
STUD0933,6.87,7.09,7.31,7.57,7.73,7.79,8.06,8.3
STUD0934,6.14,6.13,6.16,6.48,6.69,7.15,7.12,7.66
STUD0935,6.65,6.82,7.1,7.31,7.68,7.57,7.85,8.28
STUD0936,7.38,7.81,7.96,8.11,8.42,8.69,8.75,8.87
STUD0937,6.87,6.91,7.08,7.69,7.84,8.04,8.32,8.33
STUD0938,5.72,6.01,6.22,6.3,6.75,6.82,6.84,7.13
STUD0939,6.45,6.88,7.34,7.51,7.75,7.68,8.28,8.11
STUD0940,6.44,6.86,7.1,7.33,7.65,8.27,8.04,8.19
STUD0941,7.72,7.83,7.93,8.27,8.65,9.06,9.23,9.31
STUD0942,7.58,7.62,7.68,8.08,8.37,8.49,8.61,8.9
STUD0943,7.12,7.57,7.44,8.04,8.01,8.25,8.35,8.79
STUD0944,6.57,7.15,7.4,7.37,7.45,7.56,8.38,8.34
STUD0945,6.21,6.24,6.52,6.54,7.03,7.59,7.59,8.01
STUD0946,7.4,7.84,7.9,8.05,7.92,8.19,8.7,9.07
STUD0947,5.8,6.01,5.89,6.61,6.44,6.71,6.83,7.58
STUD0948,5.98,6.08,6.23,6.43,6.7,6.82,6.99,7.37
STUD0949,5.6,5.91,6.6,6.79,6.77,7.22,7.16,7.36
STUD0950,5.73,5.9,6.16,6.24,6.74,6.87,6.83,7.24
STUD0951,6.41,6.57,6.83,7.03,7.63,7.26,7.37,7.94
STUD0952,5.7,5.92,6.17,6.26,6.35,7.02,7.07,7.12
STUD0953,7.58,7.61,7.67,7.76,8.02,8.23,8.63,8.79
STUD0954,6.6,6.55,6.99,7.24,7.38,7.74,7.71,8.07
STUD0955,6.41,6.22,6.77,6.98,7.02,7.3,7.78,7.91
STUD0956,8.05,8.19,8.12,8.57,9.16,9.16,9.07,9.51
STUD0957,6.48,6.62,7.09,7.01,7.15,7.63,7.85,7.95
STUD0958,6.75,6.93,7.17,7.38,7.25,7.93,7.96,8.29
STUD0959,7.15,6.81,7.18,7.48,7.68,8.07,7.97,8.39
STUD0960,5.63,5.57,5.84,6.06,6.43,6.63,6.61,7.07
STUD0961,6.31,6.42,6.77,6.72,6.8,7.2,7.38,7.7
STUD0962,7.62,7.57,7.96,8.11,8.62,8.54,8.61,8.93
STUD0963,6.64,6.69,7.14,7.58,7.35,7.73,7.63,8.18
STUD0964,7.97,7.9,8.29,8.26,8.76,9.02,8.89,9.15
STUD0965,6.71,6.69,7.22,7.23,7.59,7.92,7.74,8.05
STUD0966,7.21,7.64,7.8,8.02,8.19,8.62,8.34,9.15
STUD0967,6.9,7.16,7.66,7.39,8.1,8.13,8.3,8.3
STUD0968,5.84,6.35,6.37,6.61,7.06,6.92,7.35,7.36
STUD0969,6.81,7.45,7.88,7.65,8.22,8.11,8.16,8.53
STUD0970,6.15,6.35,6.59,6.68,7.05,7.25,7.49,7.44
STUD0971,6.31,6.59,6.7,6.84,6.94,7.26,7.58,7.88
STUD0972,6.34,6.52,7.0,6.93,7.49,7.62,7.59,7.93
STUD0973,7.68,8.05,8.06,8.32,8.39,8.45,8.77,9.08
STUD0974,7.95,7.99,8.25,8.53,8.51,8.98,9.12,9.26
STUD0975,6.22,6.35,6.71,6.81,6.94,7.53,7.41,7.81
STUD0976,7.57,7.83,8.14,8.48,8.53,8.64,9.17,8.96
STUD0977,7.55,7.44,7.8,8.19,8.4,8.74,8.75,9.04
STUD0978,5.64,5.99,6.22,6.66,6.54,6.81,7.24,7.54
STUD0979,6.16,6.5,6.91,6.52,6.95,7.24,7.71,7.46
STUD0980,6.74,7.02,7.34,7.34,7.83,7.62,8.01,8.24
STUD0981,6.67,6.56,6.8,7.09,6.92,7.62,7.19,7.67
STUD0982,7.44,7.91,8.4,8.23,8.61,8.53,8.64,9.24
STUD0983,5.44,5.88,5.95,6.38,6.57,6.67,6.8,7.21
STUD0984,5.97,6.46,6.46,6.64,6.69,7.26,7.14,7.33
STUD0985,7.28,7.32,7.87,7.73,8.23,8.3,8.52,8.4
STUD0986,6.83,6.88,7.1,7.32,7.85,7.92,7.93,8.03
STUD0987,7.98,7.9,8.24,8.76,8.73,8.96,9.5,9.16
STUD0988,7.38,7.48,7.45,7.73,8.26,8.49,8.68,8.78
STUD0989,6.65,7.05,7.16,7.41,7.62,7.53,7.82,8.22
STUD0990,6.93,7.17,7.43,7.69,7.89,8.17,8.29,8.14
STUD0991,7.27,7.43,7.7,7.81,8.04,8.4,8.83,8.48
STUD0992,6.06,6.07,6.43,6.61,6.75,7.03,7.2,7.35
STUD0993,7.7,7.75,7.9,8.14,8.51,8.38,8.71,8.87
STUD0994,6.57,6.6,7.11,6.91,7.52,7.71,7.82,7.7
STUD0995,6.89,7.01,7.19,7.45,7.73,7.62,7.88,8.24
STUD0996,5.67,5.81,6.48,6.59,6.81,6.87,6.85,7.64
STUD0997,7.1,7.29,7.25,7.71,8.11,8.27,8.5,8.56
STUD0998,7.62,7.51,7.87,8.03,8.0,8.53,8.89,9.12
STUD0999,6.01,6.17,6.6,6.69,6.89,7.21,7.25,7.76
